rule,dimension,target,success,skipped
C1_missing_coordinates,Completeness,400,400,0
C2_missing_construction,Completeness,1500,1500,0
C3_missing_year_built,Completeness,2000,2000,0
C4_missing_storeys,Completeness,1250,1250,0
C5_missing_contents,Completeness,600,600,0
C6_missing_deductible,Completeness,750,750,0
C7_missing_occupancy,Completeness,250,250,0
V1_negative_tiv,Validity,15,15,0
V2_zero_tiv,Validity,75,75,0
V3_invalid_latitude,Validity,10,10,0
V4_future_year,Validity,20,20,0
V5_implausibly_old_year,Validity,10,10,0
V6_invalid_storeys,Validity,25,25,0
V7_deductible_gt_tiv,Validity,40,40,0
X1_timber_25_storeys,Consistency,30,30,0
X2_rcc_1880,Consistency,20,20,0
X3_residential_high_tiv,Consistency,15,15,0
X4_warehouse_25_storeys,Consistency,15,15,0
X5_floor_area_storey_mismatch,Consistency,60,60,0
X6_postcode_district_mismatch,Consistency,100,100,0
X7_city_coordinate_mismatch,Consistency,75,75,0
P1_tiv_x1000,Plausibility,25,25,0
P2_round_tiv_repeated,Plausibility,150,150,0
P3_single_location_35pct_tiv,Plausibility,1,1,0
P4_year_built_1900_cluster,Plausibility,250,250,0
P5_industrial_one_storey_default,Plausibility,200,200,0
G1_sea_coordinate,Geography,60,60,0
G2_lat_lon_swap,Geography,30,30,0
G3_zero_zero,Geography,10,10,0
G4_outside_india,Geography,15,15,0
G5_postcode_centroid_clustering,Geography,300,300,0
K1_free_text_construction,Coding,750,750,0
K2_unknown_occupancy,Coding,400,400,0
K3_mixed_construction_scheme,Coding,250,250,0
K4_currency_inconsistency,Coding,100,100,0
D2_shared_coordinates,Duplication,75,75,0
D3_near_duplicate_address,Duplication,50,50,0
D4_same_location_different_tiv,Duplication,15,15,0
D1_exact_row_duplicate,Duplication,20,20,0
