postcode,district
751001,Khordha
751002,Khordha
751003,Khordha
751004,Khordha
751005,Khordha
751006,Khordha
751007,Khordha
751009,Khordha
751010,Khordha
751012,Khordha
753001,Cuttack
753002,Cuttack
753003,Cuttack
753004,Cuttack
753005,Cuttack
753006,Cuttack
753007,Cuttack
753008,Cuttack
753009,Cuttack
753010,Cuttack
752001,Puri
752002,Puri
752003,Puri
752004,Puri
752005,Puri
752006,Puri
752007,Puri
752009,Puri
752011,Puri
752012,Puri
754001,Jagatsinghpur
754002,Jagatsinghpur
754003,Jagatsinghpur
754004,Jagatsinghpur
754005,Jagatsinghpur
754006,Jagatsinghpur
754007,Jagatsinghpur
754008,Jagatsinghpur
754009,Jagatsinghpur
754010,Jagatsinghpur
