scenario,grid_lon,grid_lat,total_tiv,project1_tiv,project1_aal,linked_aal
DIRTY,86.75,19.0,2931413375.755332,0.0,0.0,0.0
DIRTY,85.25,19.75,51526596308.26499,650163507.6805493,14147063.405860184,1121179543.9914904
DIRTY,85.5,19.75,368591758.9861708,45139115.91705292,971578.0186966084,7933599.132994774
DIRTY,85.5,20.0,2403155121.2929945,885900532.07508,13867776.767731184,37618691.43735517
DIRTY,85.75,20.0,2956920950.5013175,1198124994.175862,20436538.46461382,50436497.890864275
DIRTY,86.0,20.0,2412004439.787553,821844044.3449426,14936190.615924742,43835759.74908792
DIRTY,86.25,20.0,259962680.98659974,168142040.36203867,2642898.1901759305,4086157.7367172427
DIRTY,85.5,20.25,3405684546.790189,943572265.8860967,10687242.682833167,38574021.9044496
DIRTY,85.75,20.25,325211411033.5983,20685660874.15178,271052269.61240673,4261371758.958835
DIRTY,86.0,20.25,64330109852.10377,6429632199.380755,95282239.37929,953323104.0516615
DIRTY,86.25,20.25,2082146667.5521271,977452427.066609,12817758.885202343,27304095.02220411
DIRTY,86.5,20.25,21022159573.80592,1828339705.4505537,21362903.04239067,245629603.39266455
DIRTY,85.0,20.5,89591436.45831636,40162086.59299868,338887.25258487434,755971.5724975298
DIRTY,85.25,20.5,44497210174.74884,189565711.13036367,1428134.8454842926,335229488.4895891
DIRTY,85.5,20.5,1492183166.5002584,934621994.6603694,7719782.8622219255,12325121.922933914
DIRTY,85.75,20.5,778347116511.5612,7990105670.344791,71714050.13945653,6985943170.511638
DIRTY,86.0,20.5,93999623349.34059,10481361708.153227,116006476.57406203,1040376757.1119606
DIRTY,86.25,20.5,68068190822.53097,1958725866.953657,19414075.96347512,674663591.0721866
COMBINED_SENSITIVITY,85.0,20.5,89591436.45831636,40162086.59299868,338887.25258487434,755971.5724975298
COMBINED_SENSITIVITY,85.25,19.75,51543677687.133965,650163507.6805493,14147063.405860184,1121551221.8034012
COMBINED_SENSITIVITY,85.25,20.5,44497210174.74884,189565711.13036367,1428134.8454842926,335229488.4895891
COMBINED_SENSITIVITY,85.5,19.75,368591758.9861708,45139115.91705292,971578.0186966084,7933599.132994774
COMBINED_SENSITIVITY,85.5,20.0,2340855169.62239,885900532.07508,13867776.767731184,36643455.74087726
COMBINED_SENSITIVITY,85.5,20.25,3405684546.790189,943572265.8860967,10687242.682833167,38574021.9044496
COMBINED_SENSITIVITY,85.5,20.5,1401993550.59589,934621994.6603694,7719782.8622219255,11580174.494790059
COMBINED_SENSITIVITY,85.75,20.0,2956920950.5013175,1198124994.175862,20436538.46461382,50436497.890864275
COMBINED_SENSITIVITY,85.75,20.25,325447870319.1314,20685660874.15178,271052269.61240673,4264470177.0565014
COMBINED_SENSITIVITY,85.75,20.5,778313859046.1951,7990105670.344791,71714050.13945653,6985644672.890058
COMBINED_SENSITIVITY,86.0,20.0,2409212912.355482,821844044.3449426,14936190.615924742,43785026.5398837
COMBINED_SENSITIVITY,86.0,20.25,64282197325.81865,6429632199.380755,95282239.37929,952613076.9992269
COMBINED_SENSITIVITY,86.0,20.5,93852435859.5206,10481361708.153227,116006476.57406203,1038747703.3148271
COMBINED_SENSITIVITY,86.25,20.0,259962680.98659974,168142040.36203867,2642898.1901759305,4086157.7367172427
COMBINED_SENSITIVITY,86.25,20.25,2000879080.9221733,977452427.066609,12817758.885202343,26238397.805889297
COMBINED_SENSITIVITY,86.25,20.5,68068190822.53097,1958725866.953657,19414075.96347512,674663591.0721866
COMBINED_SENSITIVITY,86.5,20.25,21022159573.80592,1828339705.4505537,21362903.04239067,245629603.39266455
P001_SENSITIVITY,85.0,20.5,89591436.45831636,40162086.59299868,338887.25258487434,755971.5724975298
P001_SENSITIVITY,85.25,19.75,51543677687.133965,650163507.6805493,14147063.405860184,1121551221.8034012
P001_SENSITIVITY,85.25,20.5,44497210174.74884,189565711.13036367,1428134.8454842926,335229488.4895891
P001_SENSITIVITY,85.5,19.75,368591758.9861708,45139115.91705292,971578.0186966084,7933599.132994774
P001_SENSITIVITY,85.5,20.0,2340855169.62239,885900532.07508,13867776.767731184,36643455.74087726
P001_SENSITIVITY,85.5,20.25,3405684546.790189,943572265.8860967,10687242.682833167,38574021.9044496
P001_SENSITIVITY,85.5,20.5,1401993550.59589,934621994.6603694,7719782.8622219255,11580174.494790059
P001_SENSITIVITY,85.75,20.0,2956920950.5013175,1198124994.175862,20436538.46461382,50436497.890864275
P001_SENSITIVITY,85.75,20.25,325447870319.1314,20685660874.15178,271052269.61240673,4264470177.0565014
P001_SENSITIVITY,85.75,20.5,778313859046.1951,7990105670.344791,71714050.13945653,6985644672.890058
P001_SENSITIVITY,86.0,20.0,2409212912.355482,821844044.3449426,14936190.615924742,43785026.5398837
P001_SENSITIVITY,86.0,20.25,64282197325.81865,6429632199.380755,95282239.37929,952613076.9992269
P001_SENSITIVITY,86.0,20.5,93852435859.5206,10481361708.153227,116006476.57406203,1038747703.3148271
P001_SENSITIVITY,86.25,20.0,259962680.98659974,168142040.36203867,2642898.1901759305,4086157.7367172427
P001_SENSITIVITY,86.25,20.25,2000879080.9221733,977452427.066609,12817758.885202343,26238397.805889297
P001_SENSITIVITY,86.25,20.5,68068190822.53097,1958725866.953657,19414075.96347512,674663591.0721866
P001_SENSITIVITY,86.5,20.25,21022159573.80592,1828339705.4505537,21362903.04239067,245629603.39266455
P003_SENSITIVITY,85.0,20.5,89591436.45831636,40162086.59299868,338887.25258487434,755971.5724975298
P003_SENSITIVITY,85.25,19.75,1136808509.8524847,650163507.6805493,14147063.405860184,24736088.50576476
P003_SENSITIVITY,85.25,20.5,390462789.52589816,189565711.13036367,1428134.8454842926,2941637.0305674733
P003_SENSITIVITY,85.5,19.75,368591758.9861708,45139115.91705292,971578.0186966084,7933599.132994774
P003_SENSITIVITY,85.5,20.0,2340855169.62239,885900532.07508,13867776.767731184,36643455.74087726
P003_SENSITIVITY,85.5,20.25,2605684546.790189,943572265.8860967,10687242.682833167,29512930.92564944
P003_SENSITIVITY,85.5,20.5,1401993550.59589,934621994.6603694,7719782.8622219255,11580174.494790059
P003_SENSITIVITY,85.75,20.0,2956920950.5013175,1198124994.175862,20436538.46461382,50436497.890864275
P003_SENSITIVITY,85.75,20.25,57184165418.79683,20685660874.15178,271052269.61240673,749306387.4997787
P003_SENSITIVITY,85.75,20.5,705088098536.8688,7990105670.344791,71714050.13945653,6328417337.317278
P003_SENSITIVITY,86.0,20.0,2409212912.355482,821844044.3449426,14936190.615924742,43785026.5398837
P003_SENSITIVITY,86.0,20.25,17590574431.95913,6429632199.380755,95282239.37929,260678880.5130365
P003_SENSITIVITY,86.0,20.5,25863522003.296852,10481361708.153227,116006476.57406203,286254414.5446576
P003_SENSITIVITY,86.25,20.0,259962680.98659974,168142040.36203867,2642898.1901759305,4086157.7367172427
P003_SENSITIVITY,86.25,20.25,2000879080.9221733,977452427.066609,12817758.885202343,26238397.805889297
P003_SENSITIVITY,86.25,20.5,3977939612.1092305,1958725866.953657,19414075.96347512,39427682.6127362
P003_SENSITIVITY,86.5,20.25,4056477047.4980073,1828339705.4505537,21362903.04239067,47397168.91835926
PRIMARY,85.0,20.5,89591436.45831636,40162086.59299868,338887.25258487434,755971.5724975298
PRIMARY,85.25,19.75,1136808509.8524847,650163507.6805493,14147063.405860184,24736088.50576476
PRIMARY,85.25,20.5,390462789.52589816,189565711.13036367,1428134.8454842926,2941637.0305674733
PRIMARY,85.5,19.75,368591758.9861708,45139115.91705292,971578.0186966084,7933599.132994774
PRIMARY,85.5,20.0,2340855169.62239,885900532.07508,13867776.767731184,36643455.74087726
PRIMARY,85.5,20.25,2605684546.790189,943572265.8860967,10687242.682833167,29512930.92564944
PRIMARY,85.5,20.5,1401993550.59589,934621994.6603694,7719782.8622219255,11580174.494790059
PRIMARY,85.75,20.0,2956920950.5013175,1198124994.175862,20436538.46461382,50436497.890864275
PRIMARY,85.75,20.25,57184165418.79683,20685660874.15178,271052269.61240673,749306387.4997787
PRIMARY,85.75,20.5,21050732788.247387,7990105670.344791,71714050.13945653,188937839.99023512
PRIMARY,86.0,20.0,2409212912.355482,821844044.3449426,14936190.615924742,43785026.5398837
PRIMARY,86.0,20.25,17590574431.95913,6429632199.380755,95282239.37929,260678880.5130365
PRIMARY,86.0,20.5,25863522003.296852,10481361708.153227,116006476.57406203,286254414.5446576
PRIMARY,86.25,20.0,259962680.98659974,168142040.36203867,2642898.1901759305,4086157.7367172427
PRIMARY,86.25,20.25,2000879080.9221733,977452427.066609,12817758.885202343,26238397.805889297
PRIMARY,86.25,20.5,3977939612.1092305,1958725866.953657,19414075.96347512,39427682.6127362
PRIMARY,86.5,20.25,4056477047.4980073,1828339705.4505537,21362903.04239067,47397168.91835926
