rule_id,error_type,TP,FP,FN,precision,recall
C-001,C1_missing_coordinates,403,0,0,1.0,1.0
C-002,C2_missing_construction,1507,0,0,1.0,1.0
C-003,C3_missing_year_built,2007,0,0,1.0,1.0
C-004,C4_missing_storeys,1253,0,0,1.0,1.0
C-005,C5_missing_contents,603,0,0,1.0,1.0
C-006,C6_missing_deductible,752,0,0,1.0,1.0
C-007,C7_missing_occupancy,250,0,0,1.0,1.0
D-001,D1_exact_row_duplicate,20,0,0,1.0,1.0
D-002,D2_shared_coordinates,75,467,0,0.13837638376383765,1.0
D-003,D3_near_duplicate_address,51,0,0,1.0,1.0
D-004,D4_same_location_different_tiv,15,15,0,0.5,1.0
G-001,G1_sea_coordinate,60,66,0,0.47619047619047616,1.0
G-002,G2_lat_lon_swap,30,0,0,1.0,1.0
G-003,G3_zero_zero,10,0,0,1.0,1.0
G-004,G4_outside_india,15,101,0,0.12931034482758622,1.0
G-005,G5_postcode_centroid_clustering,301,0,0,1.0,1.0
K-001,K1_free_text_construction,751,252,0,0.748753738783649,1.0
K-002,K2_unknown_occupancy,404,0,0,1.0,1.0
K-003,K3_mixed_construction_scheme,252,0,0,1.0,1.0
K-004,K4_currency_inconsistency,101,0,0,1.0,1.0
P-001,P1_tiv_x1000,25,16,0,0.6097560975609756,1.0
P-002,P2_round_tiv_repeated,152,15,0,0.9101796407185628,1.0
P-003,P3_single_location_35pct_tiv,1,1,0,0.5,1.0
P-004,P4_year_built_1900_cluster,252,0,0,1.0,1.0
P-005,P5_industrial_one_storey_default,184,54,17,0.773109243697479,0.9154228855721394
V-001,V1_negative_tiv,15,0,0,1.0,1.0
V-002,V2_zero_tiv,75,0,0,1.0,1.0
V-003,V3_invalid_latitude,10,0,0,1.0,1.0
V-004,V4_future_year,20,0,0,1.0,1.0
V-005,V5_implausibly_old_year,10,0,0,1.0,1.0
V-006,V6_invalid_storeys,25,0,0,1.0,1.0
V-007,V7_deductible_gt_tiv,40,12,0,0.7692307692307693,1.0
X-001,X1_timber_25_storeys,30,1,0,0.967741935483871,1.0
X-002,X2_rcc_1880,20,3,0,0.8695652173913043,1.0
X-003,X3_residential_high_tiv,15,11,0,0.5769230769230769,1.0
X-004,X4_warehouse_25_storeys,15,1,0,0.9375,1.0
X-005,X5_floor_area_storey_mismatch,58,38,2,0.6041666666666666,0.9666666666666667
X-006,X6_postcode_district_mismatch,100,0,0,1.0,1.0
X-007,X7_city_coordinate_mismatch,75,0,0,1.0,1.0
